ID,Position,ForkLength,GapeSize,MouthSide,Stream,Reach,Date,Recap (Y/N)
PSF-1,0,NA,NA,NA,Paradise,Lower,6/21/2022,N
PSF-2,200,123.2,9.9,9.4,Paradise,Lower,6/21/2022,N
PSF-3,200,101.3,8.9,7.8,Paradise,Lower,6/21/2022,N
PSF-4,200,84.1,7.3,4.3,Paradise,Lower,6/21/2022,N
PSF-5,275,79.5,7.6,6,Paradise,Lower,6/21/2022,N
PSF-6,300,123,10.5,9,Paradise,Lower,6/21/2022,N
PSF-7,325,120.7,12.6,8.1,Paradise,Lower,6/21/2022,N
PSF-8,325,95.6,8,5,Paradise,Lower,6/21/2022,N
PSF-9,450,134.2,12.2,10.2,Paradise,Lower,6/21/2022,N
PSF-10,450,134.6,11.4,10.4,Paradise,Lower,6/21/2022,N
BSF-1,475,141,12,9.1,Bear,Lower,6/22/2022,N
BSF-2,450,127.5,9.1,7.8,Bear,Lower,6/22/2022,N
BSF-3,375,NA,NA,NA,Bear,Lower,6/22/2022,N
BSF-4,375,141.8,12.3,8.7,Bear,Lower,6/22/2022,N
BSF-5,0,109.5,10.1,7.2,Bear,Lower,6/22/2022,N
ZSF-1,500,118.6,11.1,7.5,Zigzag,Lower,6/24/2022,N
ZSF-2,500,102.6,10.4,6,Zigzag,Lower,6/24/2022,N
ZSF-3,475,128,12.5,7.9,Zigzag,Lower,6/24/2022,N
ZSF-4,450,NA,NA,NA,Zigzag,Lower,6/24/2022,N
ZSF-5,175,77.5,7,5.2,Zigzag,Lower,6/24/2022,N
ZSF-6,175,111.4,8.7,N/A,Zigzag,Lower,6/24/2022,N
ZSF-7,125,105.2,10,7.8,Zigzag,Lower,6/24/2022,N
ZSF-8,125,138.5,13.5,11.5,Zigzag,Lower,6/24/2022,N
ZSF-9,125,84,6.7,4.9,Zigzag,Lower,6/24/2022,N
ZSF-10,100,153.4,12.4,9.9,Zigzag,Lower,6/24/2022,N
ZSF-11,75,97.1,8.3,6.4,Zigzag,Lower,6/24/2022,N
PSF-9,450,134.5,12.4,10.4,Paradise,Lower,6/28/2022,Y
PSF-11,450,140.8,13.5,11.1,Paradise,Lower,6/28/2022,N
PSF-12,425,147.9,14.3,12.2,Paradise,Lower,6/28/2022,N
PSF-13,325,133.1,11.9,7.5,Paradise,Lower,6/28/2022,N
PSF-14,325,113.2,10.3,5,Paradise,Lower,6/28/2022,N
PSF-15,150,155,14.4,13.5,Paradise,Lower,6/28/2022,N
PSF-16,125,131.5,11.9,9.7,Paradise,Lower,6/28/2022,N
BSF-6,475,97,8.6,5.8,Bear,Lower,6/29/2022,N
BSF-7,475,122.8,10.1,6.3,Bear,Lower,6/29/2022,N
BSF-8,375,140.4,11.7,11.7,Bear,Lower,6/29/2022,N
BSF-9,350,96.5,8.2,7.5,Bear,Lower,6/29/2022,N
BSF-4,350,139.6,12,9.1,Bear,Lower,6/29/2022,Y
BSF-10,200,131.3,10.5,8.6,Bear,Lower,6/29/2022,N
BSF-11,150,104.1,8.4,6.6,Bear,Lower,6/29/2022,N
BSF-12,50,96.8,8.6,5.4,Bear,Lower,6/29/2022,N
ZSF-12,475,93.9,8.6,5.5,Zigzag,Lower,7/1/2022,N
ZSF-13,475,77.7,6.8,3,Zigzag,Lower,7/1/2022,N
ZSF-14,475,116.9,10.4,10.2,Zigzag,Lower,7/1/2022,N
PSF-11,450,133.8,12.2,9.2,Zigzag,Lower,7/1/2022,N
ZSF-16,350,82,6.2,4.1,Zigzag,Lower,7/1/2022,N
ZSF-17,325,79.6,7.3,4.4,Zigzag,Lower,7/1/2022,N
ZSF-18,25,116.5,10.4,6.7,Zigzag,Lower,7/1/2022,N
ZSF-19,50,NA,NA,NA,Zigzag,Lower,7/1/2022,N
ZSF-20,50,105.3,9.3,N/A,Zigzag,Lower,7/1/2022,N
PSF-17,425,114.3,10.1,7,Paradise,Lower,7/5/2022,N
PSF-18,425,131.6,10.7,7.7,Paradise,Lower,7/5/2022,N
BSF-13,450,137.7,9.8,10,Bear,Lower,7/5/2022,N
BSF-14,0,92.4,8.7,6.6,Bear,Lower,7/5/2022,N
ZSF-21,425,155,15,14,Zigzag,Lower,7/6/2022,N
ZSF-22,300,126.4,10.1,9.3,Zigzag,Lower,7/7/2022,N
ZSF-23,250,107.2,8.1,6.8,Zigzag,Lower,7/7/2022,N
ZSF-24,50,129.9,11.5,9,Zigzag,Lower,7/7/2022,N
PSF-19,300,97.4,8,6.4,Paradise,Lower,7/8/2022,N
PSF-20,250,110.2,9,7.8,Paradise,Lower,7/8/2022,N
PSF-21,250,134.6,11.5,9.6,Paradise,Lower,7/8/2022,N
PSF-22,250,168,15.6,13,Paradise,Lower,7/8/2022,N
PSF-23,150,105.1,9.3,8.5,Paradise,Lower,7/8/2022,N
PSF-24,150,126.1,12.6,9.3,Paradise,Lower,7/8/2022,N
PSF-25,150,132.9,13.1,12,Paradise,Lower,7/8/2022,N
PSF-26,150,91,8.5,6.6,Paradise,Lower,7/8/2022,N
PSF-9,450,134,12.3,9.9,Paradise,Lower,7/8/2022,Y
BSF-15,900,90.1,7,6.1,Bear,Upper,7/12/2022,N
ZSF-25,400,96.7,7.3,5.8,Zigzag,Lower,7/15/2022,N
ZSF-26,125,155.7,15.4,15.6,Zigzag,Lower,7/15/2022,N
ZSF-27,50,NA,NA,NA,Zigzag,Lower,7/15/2022,N
ZSF-28,50,94.1,8.2,5.7,Zigzag,Lower,7/15/2022,N
ZSF-29,250,110,8,6.8,Zigzag,Lower,7/15/2022,N
ZSF-30,250,133.8,10,9.1,Zigzag,Lower,7/15/2022,N
ZSF-31,250,83.2,6.1,6,Zigzag,Lower,7/15/2022,N
PSF-27,450,111.7,8,6.7,Paradise,Lower,7/18/2022,N
PSF-9,450,132.6,11.9,9.3,Paradise,Lower,7/18/2022,Y
PSF-28,300,49.7,3,2.5,Paradise,Lower,7/18/2022,N
PSF-29,250,135.3,9.5,8,Paradise,Lower,7/18/2022,N
PSF-30,250,80.1,7.5,6.3,Paradise,Lower,7/18/2022,N
PSF-15,150,154.5,13.9,11.5,Paradise,Lower,7/18/2022,Y
PSF-25,150,133.5,12.7,9.3,Paradise,Lower,7/18/2022,Y
BSF-16,450,129.5,9.1,8.2,Bear,Lower,7/19/2022,N
BSF-17,450,139.5,10.8,10.3,Bear,Lower,7/19/2022,N
BSF-18,50,96.8,6,5.2,Bear,Lower,7/19/2022,N
BSF-19,25,86.2,7.8,6.3,Bear,Lower,7/19/2022,N
BSF-20,0,103,9.2,7.1,Bear,Lower,7/19/2022,N
BSF-21,450,152.2,10,10,Bear,Lower,7/19/2022,N
ZSF-14,475,119,10.4,9.5,Zigzag,Lower,7/21/2022,Y
ZSF-32,400,113.2,8,7.8,Zigzag,Lower,7/21/2022,N
ZSF-33,400,109.7,9.3,8.1,Zigzag,Lower,7/21/2022,N
ZSF-34,350,87.5,6.5,4.8,Zigzag,Lower,7/21/2022,N
ZSF-35,350,128.5,10.6,10.3,Zigzag,Lower,7/21/2022,N
ZSF-36,100,152.2,12.3,12.3,Zigzag,Lower,7/21/2022,N
ZSF-37,100,132.1,9.9,8.5,Zigzag,Lower,7/21/2022,N
ZSF-38,100,100.5,8.4,8.1,Zigzag,Lower,7/21/2022,N
ZSF-39,25,146.7,11.5,10.3,Zigzag,Lower,7/21/2022,N
ZSF-40,25,112.9,8.6,8,Zigzag,Lower,7/21/2022,N
ZSF-41,25,124.3,9.6,9.2,Zigzag,Lower,7/21/2022,N
ZSF-42,25,133.5,11.8,10.3,Zigzag,Lower,7/21/2022,N
ZSF-43,25,NA,NA,NA,Zigzag,Lower,7/21/2022,N
ZSF-44,25,104.4,7.6,6.3,Zigzag,Lower,7/21/2022,N
PSF-31,0,55.4,2.8,1.8,Paradise,Lower,7/22/2022,N
PSF-32,0,143,13.6,11,Paradise,Lower,7/22/2022,N
PSF-33,225,NA,NA,NA,Paradise,Lower,7/22/2022,N
PSF-34,250,107.5,9.5,8,Paradise,Lower,7/22/2022,N
PSF-35,375,185,16.2,12.6,Paradise,Lower,7/22/2022,N
PSF-36,0,NA,NA,NA,Paradise,Lower,7/22/2022,N
BSF-22,350,108.5,9.6,8.2,Bear,Lower,7/25/2022,N
ZSF-45,475,113.1,9.2,7.8,Zigzag,Lower,7/27/2022,N
ZSF-46,25,157.2,11.5,12,Zigzag,Lower,7/27/2022,N
ZSF-47,25,132.1,11.3,10.2,Zigzag,Lower,7/27/2022,N
ZSF-41,25,126.3,8.9,7.8,Zigzag,Lower,7/27/2022,Y
BSF-23,200,59.8,4,2.6,Bear,Lower,7/29/2022,N
BSF-4,375,140.7,11.8,11.5,Bear,Lower,7/29/2022,Y
PSF-32,0,145.1,13.7,10.8,Paradise,Lower,7/29/2022,Y
PSF-37,100,149,13.3,13.1,Paradise,Lower,7/29/2022,N
PSF-38,125,135.2,11.8,11.8,Paradise,Lower,7/29/2022,N
PSF-39,250,110,10,10,Paradise,Lower,7/29/2022,N
PSF-40,300,160,14.1,14.1,Paradise,Lower,7/29/2022,N
PSF-41,450,99.8,8.1,8.1,Paradise,Lower,7/29/2022,N
PSF-42,475,147.7,13,13,Paradise,Lower,7/29/2022,N
PSF-9,450,131.5,10.6,10.6,Paradise,Lower,7/29/2022,Y
BSF-22,375,107.4,8.9,7.6,Bear,Lower,8/2/2022,Y
ZSF-48,450,91.3,7.2,5.7,Zigzag,Lower,8/3/2022,N
ZSF-49,125,NA,NA,NA,Zigzag,Lower,8/3/2022,N
ZSF-50,125,NA,NA,NA,Zigzag,Lower,8/3/2022,N
ZSF-51,50,118.1,10,9.8,Zigzag,Lower,8/3/2022,N
ZSF-52,25,138.4,11,10.1,Zigzag,Lower,8/3/2022,N
PSF-23,150,105.6,9.4,8.7,Paradise,Lower,8/4/2022,Y
PSF-39,250,109,9.1,7.5,Paradise,Lower,8/4/2022,Y
PSF-7,300,121.9,10.7,7.7,Paradise,Lower,8/4/2022,Y
PSF-43,475,152.2,12.6,10.7,Paradise,Lower,8/4/2022,N
NA1,950,120,NA,NA,Bear,Upper,8/8/2022,N
ZSF-53,175,128.2,10.6,7.9,Zigzag,Lower,8/8/2022,N
ZSF-54,50,105.2,11.4,10,Zigzag,Lower,8/8/2022,N
BSF-4,375,142.1,13.3,11.4,Bear,Lower,8/8/2022,Y
BSF-24,325,106.6,10.1,7.9,Bear,Lower,8/8/2022,N
BSF-7,475,123.4,12.4,10.1,Bear,Lower,8/8/2022,Y
NA2,175,NA,NA,NA,Paradise,Lower,8/11/2022,N
ZSF-53,125,115.9,11.8,8.9,Zigzag,Lower,8/12/2022,N
ZSF-54,250,113.6,11,7.7,Zigzag,Lower,8/12/2022,N
ZSF-55,450,138.1,13,10.2,Zigzag,Lower,8/12/2022,N
ZSF-56,450,79.9,6.9,4.6,Zigzag,Lower,8/12/2022,N
ZSF-57,475,79.8,7,4.9,Zigzag,Lower,8/12/2022,N
ZSF-58,500,120.6,12,9.8,Zigzag,Lower,8/12/2022,N
ZSF-59,500,108.3,10.3,7.6,Zigzag,Lower,8/12/2022,N
BSF-25,425,91.5,8.6,6.7,Bear,Lower,8/12/2022,N
BSF-4,375,142.7,13.4,12.1,Bear,Lower,8/12/2022,Y
BSF-22,375,110.1,10.2,8.1,Bear,Lower,8/12/2022,Y
PSF-44,150,129.3,11,9.2,Paradise,Lower,8/12/2022,N
PSF-45,475,129.3,11,9.2,Paradise,Lower,8/12/2022,N
PSF-46,450,110.1,7.8,5.8,Paradise,Lower,6/27/2023,N
PSF-47,425,201,16.3,14.7,Paradise,Lower,6/27/2023,N
PSF-48,375,80.1,6.1,5.3,Paradise,Lower,6/27/2023,N
PSF-49,375,76.2,6.8,5.4,Paradise,Lower,6/27/2023,N
PSF-50,250,81.4,6.3,5.3,Paradise,Lower,6/27/2023,N
PSF-51,225,90.6,7.6,6.5,Paradise,Lower,6/27/2023,N
PSF-52,200,127,10.9,9.7,Paradise,Lower,6/27/2023,N
PSF-53,200,NA,NA,NA,Paradise,Lower,6/27/2023,N
PSF-54,150,93.6,NA,NA,Paradise,Lower,6/27/2023,N
PSF-55,125,80.5,7.7,5.3,Paradise,Lower,6/27/2023,N
PSF-56,125,79.3,7.4,6.1,Paradise,Lower,6/27/2023,N
PSF-57,125,88.9,8.7,5.3,Paradise,Lower,6/27/2023,N
PSF-58,100,88.2,6.2,6.4,Paradise,Lower,6/27/2023,N
PSF-59,0,149.4,12.6,10.5,Paradise,Lower,6/27/2023,N
PSF-60,475,142,9,12,Paradise,Lower,7/4/2023,N
PSF-61,475,115,10,5,Paradise,Lower,7/4/2023,N
PSF-62,475,96,8,5,Paradise,Lower,7/4/2023,N
PSF-63,450,78,5,7,Paradise,Lower,7/4/2023,N
PSF-64,250,NA,NA,NA,Paradise,Lower,7/4/2023,N
PSF-65,50,105,10,6,Paradise,Lower,7/4/2023,N
PSF-66,275,95.4,7.8,6.4,Paradise,Lower,7/17/2023,N
PSF-67,300,76.5,6.1,4.8,Paradise,Lower,7/17/2023,N
PSF-68,450,137.9,12.6,11.3,Paradise,Lower,7/17/2023,N
PSF-69,450,NA,NA,NA,Paradise,Lower,7/17/2023,N
BSF-25,450,148.8,13.5,10.9,Bear,Lower ,6/28/2023,N
BSF-26,450,153.2,13.2,12.7,Bear,Lower ,6/28/2023,N
BSF-27,450,119.6,11.7,7.2,Bear,Lower ,6/28/2023,N
BSF-28,375,90.9,7.6,6.4,Bear,Lower ,6/28/2023,N
BSF-29,100,96.9,8.8,6.3,Bear,Lower ,6/28/2023,N
BSF-30,100,89.9,8.5,6.6,Bear,Lower ,6/28/2023,N
BSF-31,25,127,12.5,10.8,Bear,Lower ,6/28/2023,N
BSF-32,25,136.1,11.7,10.2,Bear,Lower ,6/28/2023,N
BSF-33,0,97,7,4.5,Bear,Lower ,7/4/2023,N
BSF-34,200,132,10,11,Bear,Lower ,7/4/2023,N
BSF-26,450,151,9.5,9,Bear,Lower ,7/4/2023,Y
BSF-36,500,109.7,9.3,9.1,Bear,Lower ,7/17/2023,N
BSF-37,425,NA,NA,NA,Bear,Lower ,7/17/2023,N
BSF-38,375,84.8,8,7.1,Bear,Lower ,7/17/2023,N
BSF-39,375,97.7,8.2,7.1,Bear,Lower ,7/17/2023,N
BSF-40,375,110.4,9.5,8.6,Bear,Lower ,7/17/2023,N
BSF-41,275,97.5,6.6,5.1,Bear,Lower ,7/17/2023,N
BSF-42,275,86.9,5.4,4.5,Bear,Lower ,7/17/2023,N
BSF-43,350,72.5,5.8,4.9,Bear,Lower ,7/27/2023,N
BSF-44,900,91,8,6,Bear,Upper,7/18/2023,N
BSF-45,900,98,9,7,Bear,Upper,7/18/2023,N
BSF-46,900,116,10.5,10,Bear,Upper,7/18/2023,N
ZSF-60,500,112.1,9.9,8.9,Zigzag,Lower,6/28/2023,N
ZSF-61,400,82.9,7.7,5.8,Zigzag,Lower,6/28/2023,N
ZSF-62,375,NA,NA,NA,Zigzag,Lower,6/28/2023,N
ZSF-63,325,143.6,13.6,10.4,Zigzag,Lower,6/28/2023,N
ZSF-64,325,114.9,9.3,8.6,Zigzag,Lower,6/28/2023,N
ZSF-65,150,NA,NA,NA,Zigzag,Lower,6/28/2023,N
ZSF-66,100,NA,NA,NA,Zigzag,Lower,6/28/2023,N
ZSF-67,50,NA,NA,NA,Zigzag,Lower,6/28/2023,N
ZSF-68,325,NA,NA,NA,Zigzag,Lower,7/6/2023,N
ZSF-69,325,70.2,5.5,5.2,Zigzag,Lower,7/6/2023,N
ZSF-70,75,80.8,7.8,7.2,Zigzag,Lower,7/6/2023,N
ZSF-71,25,134.2,9,9.1,Zigzag,Lower,7/6/2023,N
ZSF-72,75,144.1,11.9,13.1,Zigzag,Lower,7/18/2023,N
ZSF-73,300,139.5,14.4,13.4,Zigzag,Lower,7/18/2023,N
ZSF-74,50,128.5,10.7,10.9,Zigzag,Lower,7/27/2023,N
ZSF-75,325,95.3,7.9,6.5,Zigzag,Lower,7/27/2023,N
ZSF-76,350,78.2,7,6.2,Zigzag,Lower,7/27/2023,N
PG0-G1,50,117.7,9.4,9.5,Paradise,Lower,6/24/2024,N
PG1-G2,200,121.1,10.5,10.8,Paradise,Lower,6/24/2024,N
PG1-G3,200,122.4,11.9,14,Paradise,Lower,6/24/2024,N
PG1-G4,200,127.6,11,9.3,Paradise,Lower,6/24/2024,Y
PG1-G5,250,128.4,10.6,10.1,Paradise,Lower,6/24/2024,N
PG2-G3,250,117.2,8,7.9,Paradise,Lower,6/24/2024,N
PG2-G4,300,118.9,8.9,9.6,Paradise,Lower,6/24/2024,N
PG2-G5,300,111.2,7.1,7.3,Paradise,Lower,6/24/2024,N
PG3-G4,350,94.8,7.1,7.9,Paradise,Lower,6/24/2024,N
PG3-G5,350,110.9,9.3,8.8,Paradise,Lower,6/24/2024,N
PG4-G5,425,130.3,10.1,10.3,Paradise,Lower,6/24/2024,N
PO1-O3,150,138.7,9.7,10.1,Paradise,Lower,7/3/2024,N
PO1-O2,150,142.5,9.7,9.9,Paradise,Lower,7/3/2024,N
PO1-O4,200,134.9,8.4,8.2,Paradise,Lower,7/3/2024,N
PO1-O5,225,98.9,7.2,7.1,Paradise,Lower,7/3/2024,N
PO2-O3,475,146.2,10.4,10.5,Paradise,Lower,7/3/2024,N
PO2-O4,475,153.4,11.9,11.7,Paradise,Lower,7/3/2024,N
PO2-O5,475,153.2,10.8,10.7,Paradise,Lower,7/3/2024,N
PB1-B2,0,60.9,3.4,3.7,Paradise,Lower,7/18/2024,N
PB1-B3,150,109.5,7.4,7.5,Paradise,Lower,7/18/2024,N
PG1-G5,275,130.4,9.7,9.2,Paradise,Lower,7/18/2024,Y
PB1-B4,400,127.9,6.9,6.7,Paradise,Lower,7/18/2024,N
PG4-G5,425,141,10.2,10,Paradise,Lower,7/18/2024,Y
PB1-B5,450,124.5,7,7.5,Paradise,Lower,7/18/2024,N
PB2-B3,475,150.5,10.8,11,Paradise,Lower,7/18/2024,N
NA,100,103.1,NA,NA,Bear,Lower,6/25/2024,NA
BO1-O2,125,142.5,12.1,12.1,Bear,Lower,6/25/2024,N
BO1-O3,225,128.2,9.6,9.9,Bear,Lower,6/25/2024,N
BO1-O4,250,113.6,8,7.8,Bear,Lower,6/25/2024,N
BO1-O5,300,128.2,9.3,10,Bear,Lower,6/25/2024,N
BO2-O3,300,125.2,8.7,9,Bear,Lower,6/25/2024,N
BO2-O4,425,89.1,5,5.1,Bear,Lower,6/25/2024,N
BO2-O5,450,129.2,8.5,8.9,Bear,Lower,6/25/2024,N
BO3-O4,450,105.2,8.3,8.5,Bear,Lower,6/25/2024,N
BO3-O5,450,113.8,8,8.1,Bear,Lower,6/25/2024,N
BP1-P2,100,153.1,11.1,11.5,Bear,Lower,7/2/2024,N
BP1-P3,100,139.6,10.2,9.3,Bear,Lower,7/2/2024,Y
BP1-P4,300,127.9,8.5,8.7,Bear,Lower,7/2/2024,N
BP1-P5,125,99.4,5.5,6.2,Bear,Lower,7/18/2024,N
BP2-P3,125,114.6,6.5,6.7,Bear,Lower,7/18/2024,N
BP2-P4,175,102.3,6.6,6.8,Bear,Lower,7/18/2024,N
BP2-P5,300,145.6,8.9,9.5,Bear,Lower,7/18/2024,N
BP3-P4,325,114.5,6.8,7.1,Bear,Lower,7/18/2024,N
BP3-P5,500,114.7,6.4,6.7,Bear,Lower,7/18/2024,N
ZR1-R2,450,93.1,5.6,5.8,Zigzag,Lower,6/26/2024,N
ZR1-R3,400,81,5.8,5.7,Zigzag,Lower,6/26/2024,N
ZR1-R4,400,95.2,6.5,6.6,Zigzag,Lower,6/26/2024,N
ZR1-R5,300,85.5,5.2,5.7,Zigzag,Lower,6/26/2024,N
ZR2-R3,250,139.2,10.2,9.9,Zigzag,Lower,6/26/2024,N
ZR2-R4,250,78,5.4,5.1,Zigzag,Lower,6/26/2024,N
ZR2-R5,250,78.2,5.6,5,Zigzag,Lower,6/26/2024,N
ZR3-R4,225,83.3,5.5,5.3,Zigzag,Lower,6/26/2024,N
ZR3-O5,75,148.4,10.7,10.2,Zigzag,Lower,6/26/2024,N
ZG1-O2,0,155,12.9,12.5,Zigzag,Lower,6/26/2024,N
ZG1-O3,0,121.3,8.1,8.6,Zigzag,Lower,6/26/2024,N
ZG1-O4,0,145.6,9.8,9.5,Zigzag,Lower,6/26/2024,N
ZG1-O5,0,144,10,10.5,Zigzag,Lower,6/26/2024,N
ZG1-O1,0,111.6,7,6.8,Zigzag,Lower,6/26/2024,N
ZG2-O1,0,103.4,6,6.5,Zigzag,Lower,6/26/2024,N
ZG2-O2,0,144.9,9.7,10,Zigzag,Lower,7/2/2024,N
ZG2-O3,0,127.8,10.3,9.9,Zigzag,Lower,7/2/2024,N
ZG2-O4,0,141.9,10.1,10.7,Zigzag,Lower,7/2/2024,N
ZG2-O5,0,126.4,8.7,9,Zigzag,Lower,7/2/2024,N
ZG3-O1,50,144.7,9.4,8.9,Zigzag,Lower,7/2/2024,N
ZG3-O2,50,104.7,6.3,6.2,Zigzag,Lower,7/2/2024,N
ZG3-O3,50,129.7,7.5,8,Zigzag,Lower,7/2/2024,N
ZG3-O4,75,153,10.7,10.6,Zigzag,Lower,7/2/2024,N
ZG3-O5,175,131,8.1,8,Zigzag,Lower,7/2/2024,N
ZG4-O1,250,107.5,7,6.6,Zigzag,Lower,7/2/2024,N
ZG4-O2,400,107.5,6.7,6.9,Zigzag,Lower,7/2/2024,N
ZG4-O3,400,160,11.3,11.5,Zigzag,Lower,7/2/2024,N
ZG4-O4,400,115.2,7.9,7.2,Zigzag,Lower,7/2/2024,N
ZG4-O5,425,129.1,8.5,8.6,Zigzag,Lower,7/2/2024,N
ZG5-O1,475,117.1,7.1,7,Zigzag,Lower,7/2/2024,N
ZG5-O2,475,89.1,5.7,5.2,Zigzag,Lower,7/2/2024,N
ZG5-O3,500,109.7,7.1,6.9,Zigzag,Lower,7/2/2024,N
ZG5-O4,500,105.1,6.9,7.1,Zigzag,Lower,7/2/2024,N
ZP1-B1,25,59.6,3.9,3.6,Zigzag,Lower,7/18/2024,N
ZP1-B2,75,117.5,7.1,6.8,Zigzag,Lower,7/18/2024,N
ZP1-B3,75,131.4,8.7,8.9,Zigzag,Lower,7/18/2024,N
ZP1-B4,225,94.6,6.3,6.5,Zigzag,Lower,7/18/2024,N
ZP1-B5,250,99.6,6.1,6,Zigzag,Lower,7/18/2024,N
ZP2-B3,325,111.2,6.3,6.6,Zigzag,Lower,7/18/2024,N
ZP2-B2,350,85.6,6,6.2,Zigzag,Lower,7/18/2024,N
ZG3-O5,475,130.1,8.2,7.7,Zigzag,Lower,7/18/2024,Y
ZP2-B4,500,96.6,6.1,6.1,Zigzag,Lower,7/18/2024,N
PB2-B4,125,119.7,8,8.2,Paradise,Lower,7/25/2024,N
PB2-B5,150,119.3,7.4,7.6,Paradise,Lower,7/25/2024,N
PB3-B4,325,146,9.5,9.6,Paradise,Lower,7/25/2024,N
PB3-B5,350,127.9,7.9,7.2,Paradise,Lower,7/25/2024,N
PB4-B5,375,128.8,7.6,7.5,Paradise,Lower,7/25/2024,N
PB1-B4,400,125.9,6.7,6.4,Paradise,Lower,7/25/2024,Y
PR1-R2,450,154.2,10.6,10.2,Paradise,Lower,7/25/2024,N
PB1-B5,450,122.5,7.2,7.1,Paradise,Lower,7/25/2024,Y
PR1-R3,450,136.8,8.1,7.8,Paradise,Lower,7/25/2024,N
PR1-R4,475,153.1,9.3,9.9,Paradise,Lower,7/25/2024,N
BB1-B2,25,118.2,6.8,6.7,Bear,Lower,7/25/2024,N
BB1-B3,75,111.7,6.6,6.8,Bear,Lower,7/25/2024,N
BP2-P5,300,140.2,9.1,9.5,Bear,Lower,7/25/2024,Y
BB1-B4,300,119.5,7,6.5,Bear,Lower,7/25/2024,N
BB1-B5,325,95.5,5.4,5.5,Bear,Lower,7/25/2024,N
BB2-B3,350,109.2,6.3,6.8,Bear,Lower,7/25/2024,N
BB2-B4,400,125.2,7.5,7.6,Bear,Lower,7/25/2024,N
BB2-B5,475,58.2,3.3,3.3,Bear,Lower,7/25/2024,N
ZP2-B5,25,75.2,4.8,5.1,Zigzag,Lower,7/25/2024,N
ZP3-B1,100,114.7,6.7,6.5,Zigzag,Lower,7/25/2024,N
ZP2-B3,300,99.1,6.2,6,Zigzag,Lower,7/25/2024,N
ZP3-B3,450,97.2,6,5.3,Zigzag,Lower,7/25/2024,N
ZP3-B4,475,97.6,5.8,5.5,Zigzag,Lower,7/25/2024,N
ZG5-O1,475,119.6,6.7,6.8,Zigzag,Lower,7/25/2024,Y
PR1-R5,250,139.9,9.5,10.9,Paradise,Lower,7/29/2024,N
PR2-R3,250,115.8,6.7,6.6,Paradise,Lower,7/29/2024,N
PO2-O5,475,153.4,9.8,11.7,Paradise,Lower,7/29/2024,Y
PR2-R4,475,155,11.2,12.8,Paradise,Lower,7/29/2024,N
BR1-Y1,225,117.8,8.4,8.2,Bear,Lower,7/31/2024,N
BG1-O5,300,137.9,9.6,9.4,Bear,Lower,7/31/2024,Y
BR1-Y2,325,89,5.5,5.8,Bear,Lower,7/31/2024,N
BB2-B4,400,125.2,7.3,7.5,Bear,Lower,7/31/2024,Y
BR1-Y3,425,117.1,7.1,6.8,Bear,Lower,7/31/2024,N
ZP3-B5,0,136,8.6,7.7,Zigzag,Lower,8/1/2024,N
ZP4-B1,0,108.5,6,5.8,Zigzag,Lower,8/1/2024,N
ZP4-B2,25,96.2,5.8,5.3,Zigzag,Lower,8/1/2024,N
ZP4-B3,50,105.8,6.5,6.4,Zigzag,Lower,8/1/2024,N
ZP4-B4,225,102.3,6.2,6.6,Zigzag,Lower,8/1/2024,Y
ZP4-B5,250,92.5,5,5.1,Zigzag,Lower,8/1/2024,N
ZP5-B1,275,129.8,8.2,8.1,Zigzag,Lower,8/1/2024,N
ZP5-B2,350,109.3,7,7.3,Zigzag,Lower,8/1/2024,N
PP1-P2,25,144.6,9.8,9.9,Paradise,Lower,8/8/2024,N
PP1-P3,125,131.2,9.1,9,Paradise,Lower,8/8/2024,N
PP1-P4,150,120.5,8.7,8.9,Paradise,Lower,8/8/2024,N
PP1-P5,200,98.6,5.6,5.4,Paradise,Lower,8/8/2024,N
PP2-P3,200,116.1,7.5,7.6,Paradise,Lower,8/8/2024,N
PR2-R3,250,115.4,6.7,7,Paradise,Lower,8/8/2024,Y
PP2-P4,275,132,8.7,8.9,Paradise,Lower,8/8/2024,N
PP2-P5,350,125.7,8.1,8,Paradise,Lower,8/8/2024,N
PP3-P4,350,161,11.2,11.4,Paradise,Lower,8/8/2024,N
PP3-P5,400,97.1,6.4,6.3,Paradise,Lower,8/8/2024,N
BR1-Y4,25,140.3,8.1,8.3,Bear,Lower,8/8/2024,N
BO1-O5,300,134.6,9.6,9.8,Bear,Lower,8/8/2024,Y
BB2-B4,400,128.1,7.5,7.3,Bear,Lower,8/8/2024,Y
ZG1-B1,0,108.2,6.5,6.2,Zigzag,Lower,8/8/2024,N
ZG1-B2,175,92,6,5.8,Zigzag,Lower,8/8/2024,N
ZG1-B3,175,100.4,6.5,6.3,Zigzag,Lower,8/8/2024,N
ZG1-B4,250,102.9,7.2,7.4,Zigzag,Lower,8/8/2024,N
ZG1-B5,250,54.5,3.1,3.4,Zigzag,Lower,8/8/2024,N
ZG2-B1,400,113.2,7.3,7,Zigzag,Lower,8/8/2024,N
ZG2-B2,500,98.4,6.3,6.1,Zigzag,Lower,8/8/2024,N
ZG1-P1,500,87.5,6.4,5.9,Zigzag,Lower,6/26/2025,N
ZG1-P2,500,119.5,9.9,10.3,Zigzag,Lower,6/26/2025,N
ZG1-P3,500,101.6,6.8,6.4,Zigzag,Lower,6/26/2025,N
ZG1-P4,425,89.8,6.8,9.0,Zigzag,Lower,6/26/2025,N
ZG1-P5,250,132.1,9.8,10.8,Zigzag,Lower,6/26/2025,N
ZG2-P1,250,130.0,12.1,11.0,Zigzag,Lower,6/26/2025,N
ZG2-P2,250,89.5,6.5,6.4,Zigzag,Lower,6/26/2025,N
ZG2-P3,25,93.6,7.0,6.3,Zigzag,Lower,6/26/2025,N
ZG2-P4,425,97.7,8.9,7.5,Zigzag,Lower,7/21/2025,N
ZG2-P2,425,88.7,6.6,6.3,Zigzag,Lower,7/21/2025,Y
ZG2-P5,375,131.8,10.5,8.9,Zigzag,Lower,7/21/2025,N
ZG2-P1,225,128.4,12.2,10.4,Zigzag,Lower,7/21/2025,Y
ZG3-P1,225,100.9,8.4,8.4,Zigzag,Lower,7/21/2025,N
ZG3-P2,75,97.7,8.1,7.3,Zigzag,Lower,7/21/2025,N
ZG3-P3,0,76.6,5.8,5.6,Zigzag,Lower,7/21/2025,N
ZG3-P4,500,97.7,8.5,7.0,Zigzag,Lower,7/25/2025,N
ZG3-P5,400,90.6,6.8,6.1,Zigzag,Lower,7/25/2025,N
ZG4-P1,300,115.5,8.8,8.5,Zigzag,Lower,7/25/2025,N
ZG4-P2,300,100.2,7.0,6.4,Zigzag,Lower,7/25/2025,N
ZG4-P3,275,104.4,8.4,8.1,Zigzag,Lower,7/25/2025,N
ZG4-P4,275,124.2,10.4,10.4,Zigzag,Lower,7/25/2025,N
ZG4-P5,250,109.3,9.0,7.8,Zigzag,Lower,7/25/2025,N
ZG5-P1,200,96.4,7.7,7.2,Zigzag,Lower,7/25/2025,N
ZG5-P2,100,92.1,8.4,6.8,Zigzag,Lower,7/25/2025,N
ZG5-P3,100,91.6,7.5,6.0,Zigzag,Lower,7/25/2025,N
ZG5-P4,50,114.3,10.3,7.9,Zigzag,Lower,7/25/2025,N
ZG1-P1,500,93.5,7.2,6.3,Zigzag,Lower,8/4/2025,Y
ZR1-Y1,350,88.0,6.9,5.5,Zigzag,Lower,8/4/2025,N
ZG4-P1,325,114.7,9.6,8.5,Zigzag,Lower,8/4/2025,Y
ZG4-P2,300,101.3,8.4,7.9,Zigzag,Lower,8/4/2025,Y
ZR1-Y2,250,89.8,7.3,5.3,Zigzag,Lower,8/4/2025,N
ZR1-Y3,250,91.0,6.8,5.4,Zigzag,Lower,8/4/2025,N
ZR1-Y4,200,99.1,8.6,7.2,Zigzag,Lower,8/4/2025,N
ZG4-P3,100,93.8,5.5,5.2,Zigzag,Lower,8/4/2025,Y
ZR1-Y5,100,90.8,7.3,6.8,Zigzag,Lower,8/4/2025,N
ZG3-P2,75,94.8,7.3,7.2,Zigzag,Lower,8/4/2025,Y
ZR2-Y1,50,127.7,10.0,9.0,Zigzag,Lower,8/4/2025,N
ZR2-Y2,0,118.0,10.5,9.1,Zigzag,Lower,8/4/2025,N
ZR2-Y3,500,102.6,7.6,6.9,Zigzag,Lower,8/8/2025,N
ZR2-Y4,450,93.5,5.8,5.4,Zigzag,Lower,8/8/2025,N
ZR2-Y5,400,128.4,10.5,10.1,Zigzag,Lower,8/8/2025,N
ZR3-Y1,350,94.6,8.9,6.5,Zigzag,Lower,8/8/2025,N
ZR3-Y2,125,186.7,18.8,21.4,Zigzag,Lower,8/8/2025,N
ZR3-Y3,125,149.8,14.4,13.6,Zigzag,Lower,8/8/2025,N
ZR3-Y4,500,84.2,6.9,6.3,Zigzag,Lower,8/13/2025,N
ZR3-Y5,450,97.7,7.6,6.8,Zigzag,Lower,8/13/2025,N
ZG4-P2,300,100.7,8.1,7.6,Zigzag,Lower,8/13/2025,Y
ZR1-Y4,200,101.1,8.2,7.6,Zigzag,Lower,8/13/2025,Y
ZR3-Y5,125,125.5,10.4,10.1,Zigzag,Lower,8/13/2025,N
ZR4-Y1,125,96.8,8.4,7.5,Zigzag,Lower,8/13/2025,N
ZG4-P3,100,94.1,6.0,6.0,Zigzag,Lower,8/13/2025,Y
ZR4-Y2,100,100.4,8.0,7.8,Zigzag,Lower,8/13/2025,N
ZG5-P4,50,118.3,9.1,8.3,Zigzag,Lower,8/13/2025,Y
ZR4-Y2,25,112.0,9.0,8.2,Zigzag,Lower,8/13/2025,N
